organization,repo_name,package_name
fishtown-analytics,dbt-utils,dbt_utils
fishtown-analytics,dbt-event-logging,logging
fishtown-analytics,facebook-ads,facebook_ads
fishtown-analytics,shopify,shopify
fishtown-analytics,recurly,recurly
fishtown-analytics,purecloud,purecloud
fishtown-analytics,zendesk,zendesk
fishtown-analytics,stripe,stripe
fishtown-analytics,adwords,adwords
fishtown-analytics,snowplow,snowplow
fishtown-analytics,outbrain,outbrain
fishtown-analytics,quickbooks,quickbooks
fishtown-analytics,bing-ads,bing_ads
fishtown-analytics,taboola,taboola
fishtown-analytics,heap,heap
fishtown-analytics,redshift,redshift
fishtown-analytics,segment,segment
fishtown-analytics,ecommerce,ecommerce
fishtown-analytics,stitch-utils,stitch_utils
fishtown-analytics,dbt-codegen,codegen
fishtown-analytics,dbt-audit-helper,audit_helper
fishtown-analytics,dbt-external-tables,dbt_external_tables
fivetran,dbt_netsuite,netsuite
fivetran,dbt_mailchimp,mailchimp
fivetran,dbt_salesforce,salesforce
fivetran,dbt_github,github
fivetran,dbt_github_source,github_source
fivetran,dbt_marketo,marketo
fivetran,dbt_marketo_source,marketo_source
fivetran,dbt_asana,asana
fivetran,dbt_asana_source,asana_source
fivetran,dbt_hubspot,hubspot
fivetran,dbt_hubspot_source,hubspot_source
fivetran,dbt_stripe,stripe
fivetran,dbt_stripe_source,stripe_source
fivetran,dbt_linkedin,linkedin
fivetran,dbt_linkedin_source,linkedin_source
fivetran,dbt_pinterest,pinterest
fivetran,dbt_pinterest_source,pinterest_source
fivetran,dbt_fivetran_log,fivetran_log
fivetran,dbt_fivetran_log_source,fivetran_log_source
fivetran,dbt_zendesk,zendesk
fivetran,dbt_zendesk_source,zendesk_source
gitlabhq,snowflake_spend,snowflake_spend
Montreal-Analytics,dbt-snowflake-utils,snowflake_utils
kristeligt-dagblad,dbt_ml,dbt_ml
rudderlabs,dbt-sessionization,rudder_sessionization
rudderlabs,dbt-id-resolution,rudder_id_resolution
rudderlabs,dbt-customer-journey-analysis,rudder_customer_journey_analysis
rudderlabs,dbt-events-registry,rudder_events_registry
sgoley,dbt-postgres-utils,postgres_utils
